ГПЗ	Компания	Состояние	Страна	Город	Адрес	Высота над уровнем моря, м	Первичная переработка природного газа и ПНГ	Первичная переработка нефти и конденсата	Объем производства пропана	Стабильный газовый конденсат	Объем производства гелия	Объем производства этана	Объем производства пропана	Объем производства бутана	Объем производства пентан-гексановой фракции	Год основания	Широта	Долгота
Пермский ГПЗ	ООО ЛУКОЙЛ-Пермнефтеоргсинтез	в эксплуатации  	Россия	Пермь	614055, Российская Федерация, г. Пермь, ул. Промышленная, 84		 1.46 млрд. м³/год  									1991	57.880655	56.168584
Пуровский ЗПК	ПАО «НОВАТЭК»	в эксплуатации  	Россия	Тарко-Сале	Ямало-Ненецкий АО, Пуровский р-н, рзд.Лимбей, 629880	27.46		 12 млн. тонн/год  								2005	65.081317	77.81599
Туймазинский ГПЗ	АО «ОНК»	в эксплуатации  	Россия	Туймазы	Башкортостан Респ, Туймазинский р-н, д.Нуркеево, ул.Промышленная, д.42, 452774	178.94	 0.73 млрд. м³/год  									1953	54.566389	53.679886
Усинский ГПЗ	ООО «ЛУКОЙЛ-Коми»	в эксплуатации  	Россия	Усинск	169710, Республика Коми, г. Усинск, ул. Возейская, 21а	70.06	 0.60 млрд. м³/год  									1980	66.136736	57.349491
Усть-Кутский ГПЗ	ООО «ИНК» (Иркутская нефтяная компания)	строится	Россия	Усть-Кут	664000, Россия, г. Иркутск, пр-кт Большой Литейный, д. 4											2022	56.828126	106.012573
Шкаповский ГПЗ	АО «ОНК»	в эксплуатации  	Россия	Приютово	Башкортостан Респ, Белебеевский р-н, рп.Приютово, б-р.Мира, д.7А, пом.2, 452017	326.4	 0.04 млрд. м³/год  									1959	53.928931	53.990936
Южно-Балыкский ГПЗ	АО «СибурТюменьГаз»	в эксплуатации  	Россия	Пыть-Ях	"628387, Тюменская обл., Ханты-Мансийский автономный округ, г. Пыть-Ях, микрорайон №7, дом 7 """"А"""""	64.47	 2.90 млрд. м³/год  									1978	60.687868	72.859998
Южно-Приобский ГПЗ	ООО «Газпромнефть-Хантос»	в эксплуатации  	Россия	Ханты-Мансийск		51.81	 0.90 млрд. м³/год   										61.100208	70.196972
Якутский ГПЗ	АО «САХАТРАНСНЕФТЕГАЗ»	в эксплуатации  	Россия	Якутск		213.58										1994	62.069428	129.650645
Завод по стабилизации конденсата	ООО «Газпром переработка»	в эксплуатации  	Россия	Сургут		60.98	 3 млрд. м³/год   	 14.10 млн. тонн/год									61.28335	72.994709
Завод по подготовке конденсата к транспорту	ООО «Газпром переработка»	в эксплуатации  	Россия	Новый Уренгой		45.16		 13.70 млн. тонн/год   									66.106335	76.856232
Завод по производству метанола	ООО «Газпром переработка»	в эксплуатации  	Россия	Томск		131.8											56.620354	85.005169
Комплекс приема, хранения и отгрузки сжиженных углеводородных газов	ООО «ИНК» (Иркутская нефтяная компания)	в эксплуатации  	Россия	Усть-Кут					 0.16 млн. тонн/год	 0.25 млн. тонн/год   							56.820999	106.015148
Зайкинское ГПП	ПАО «Оренбургнефть»	в эксплуатации  	Россия	село Большая Черниговка			 2.20 млрд. м³/год  									2001	52.160139	51.590595
Локосовский ГПК	ООО «ЛУКОЙЛ-Западная Сибирь»	в эксплуатации  	Россия	Лангепас	628672, Россия, Тюменская обл., Ханты-Мансийский автономный округ - Югра, г. Лангепас, ул. Ленина, 43	45.34	 2.14 млрд. м³/год  									1983	61.263363	75.093055
Миннибаевский ГПЗ	ПАО «Татнефть»	в эксплуатации  	Россия	Альметьевск	423460 Республика Татарстан, г. Альметьевск-10	128.31	 3.60 млрд. м³/год  									1956	54.833917	52.435467
Газохимический завод «Мономер»	ООО «Газпром переработка»	в эксплуатации  	Россия	Салават		182.55	 1 млрд. м³/год   										53.412576	55.86153
Муравленковский ГПЗ	АО «СибурТюменьГаз»	в эксплуатации  	Россия	Муравленко	629850, Ямало-Ненецкий автономный округ, Пуровский район, Суторминское месторождение, Муравленковский ГПЗ	104.49	 1.30 млрд. м³/год  									1987	63.700806	74.761019
Нижневартовский ГПЗ	АО «СибурТюменьГаз»	в эксплуатации  	Россия	Нижневартовск	628616, Тюменская обл., Ханты-Мансийский автономный округ, г. Нижневартовск, район НВ ГПЗ	54.8	 6.20 млрд. м³/год  									1974	60.991905	76.368713
Нижневартовский ГПЗ	АО «СибурТюменьГаз»	в эксплуатации  	Россия	Нижневартовск	628616, Тюменская обл., Ханты-Мансийский автономный округ, г. Нижневартовск, район НВ ГПЗ	54.8	 6.20 млрд. м³/год  									1974	60.991905	76.368713
Няганьгазпереработка ГПЗ	ООО Няганьгазпереработка	в эксплуатации  	Россия	Нягань	628616, Тюменская обл., Ханты-Мансийский автономный округ, г. Нягань, 29 км а/дороги Нягань-Талинка, стр.39.	149.88	 2.60 млрд. м³/год  									1988	62.000502	65.858402
Сосногорский ГПЗ	ООО «Газпром переработка»	в эксплуатации  	Россия	Сосногорск		77.59	 3 млрд. м³/год   	 1.25 млн. тонн/год									63.575417	53.951712
Сургутский ГПЗ	ОАО Сургутнефтегаз	в эксплуатации  	Россия	Сургут		49.12	 7.50 млрд. м³/год  									1980	61.276545	73.04595
Оренбургский ГПЗ	ООО «Газпром переработка»	в эксплуатации  	Россия	Оренбург		206.44	 37.50 млрд. м³/год   	 6.26 млн. тонн/год									51.871086	54.762211
Оренбургский геливый завод	ООО «Газпром переработка»	в эксплуатации  	Россия	Оренбург		219.54	 15 млрд. м³/год   										51.87151	54.705391
Отрадненский ГПЗ	АО ОТРАДНЕНСКИЙ ГАЗОПЕРЕРАБАТЫВАЮЩИЙ ЗАВОД	в эксплуатации  	Россия	Отрадный	Самарская обл, г. Отрадный, 446301	52.35	 1.10 млрд. м³/год  									1962	53.350739	51.309709
Пермский ГПЗ	ООО ЛУКОЙЛ-Пермнефтеоргсинтез	в эксплуатации  	Россия	Пермь	614055, Российская Федерация, г. Пермь, ул. Промышленная, 84		 1.46 млрд. м³/год  									1991	57.880655	56.168584
Губкинский ГПК	АО «СибурТюменьГаз»	в эксплуатации  	Россия	Губкинский	29830, Ямало-Ненецкий автономный округ, г. Губкинский, промзона	63.78	 2.60 млрд. м³/год  									1987	64.458846	76.422873
Вынгапуровский ГПЗ	АО «СибурТюменьГаз»	в эксплуатации  	Россия	Ноябрьск	629850, Ямало-Ненецкий автономный округ, Пуровский район, Вынгапуровское месторождение, Вынгапуровский ГПЗ	133.58	 4.20 млрд. м³/год  									2012	62.994379	76.866767
Белозерский ГПК	АО «СибурТюменьГаз»	в эксплуатации  	Россия	Нижневартовск	628616, Тюменская обл., Ханты-Мансийский автономный округ, г. Нижневартовск, ул. Омская, д.1	86.51	 4.60 млрд. м³/год  									1980	61.262393	77.049351
Амурский ГПЗ	ООО «Газпром переработка»	строится	Россия	Свободный	 676450, Амурская область, городской округ город Свободный, город Свободный, Территория ТОСЭР Свободный	220.75	 42 млрд. м³/годКоличество технологических линий (очередей)				 60 млн. м³/год	 2.50 млн. тонн/год	 1 млн. тонн/год	 0.50 млн. тонн/год	 0.20 млн. тонн/год   		51.536726	128.180752
Астраханский ГПЗ	ООО «Газпром переработка»	в эксплуатации  	Россия	Астрахань		-16.33	 12 млрд. м³/год   										46.773143	48.114538
